Video ID,Weight,Topics
-TeeIEh2IE8,0.157,"love"", ""house"", ""door"", ""know"", ""trophies"", ""room"", ""wow"", ""nepal"", ""queen"""
-TeeIEh2IE8,0.125,"beautiful"", ""many"", ""cool"", ""nice"", ""trophies"", ""magazine"", ""times"", ""remember"", ""unique"""
-TeeIEh2IE8,0.118,"place"", ""keep"", ""second"", ""trophies"", ""love"", ""trophy"", ""body"", ""trash"", ""one"""
-TeeIEh2IE8,0.115,"home"", ""house"", ""art"", ""love"", ""like"", ""beautiful"", ""gallery"", ""room"", ""see"""
-TeeIEh2IE8,0.114,"like"", ""home"", ""looks"", ""house"", ""museum"", ""chair"", ""cold"", ""feel"", ""elmo"""
-zkOLKMiX9c,0.152,"love"", ""home"", ""beautiful"", ""like"", ""house"", ""lovely"", ""woman"", ""vibe"", ""body"""
-zkOLKMiX9c,0.124,"house"", ""love"", ""like"", ""white"", ""nice"", ""everything"", ""home"", ""beautiful"", ""taste"""
-zkOLKMiX9c,0.117,"like"", ""love"", ""old"", ""lol"", ""much"", ""home"", ""would"", ""people"", ""beautiful"""
-zkOLKMiX9c,0.109,"house"", ""like"", ""love"", ""beautiful"", ""amazing"", ""room"", ""art"", ""cool"", ""people"""
-zkOLKMiX9c,0.085,"house"", ""home"", ""love"", ""absolutely"", ""art"", ""omg"", ""like"", ""see"", ""pepper"""
0K9eZCW-lvc,0.143,"house"", ""love"", ""beautiful"", ""home"", ""like"", ""taste"", ""style"", ""lovely"", ""cozy"""
0K9eZCW-lvc,0.136,"home"", ""love"", ""lovely"", ""beautiful"", ""wow"", ""cute"", ""house"", ""job"", ""dress"""
0K9eZCW-lvc,0.124,"kitchen"", ""house"", ""see"", ""amazing"", ""cozy"", ""love"", ""home"", ""beautiful"", ""loved"""
0K9eZCW-lvc,0.113,"house"", ""love"", ""would"", ""beautiful"", ""home"", ""much"", ""like"", ""pretty"", ""sweet"""
0K9eZCW-lvc,0.104,"like"", ""nice"", ""looks"", ""vibes"", ""see"", ""something"", ""house"", ""body"", ""tate"""
0_BEwbnmRZ4,0.134,"love"", ""house"", ""like"", ""sounds"", ""taste"", ""way"", ""man"", ""wow"", ""guy"""
0_BEwbnmRZ4,0.132,"love"", ""humor"", ""house"", ""room"", ""like"", ""panic"", ""spanish"", ""know"", ""also"""
0_BEwbnmRZ4,0.132,"like"", ""house"", ""guy"", ""want"", ""would"", ""sounds"", ""hilarious"", ""love"", ""one"""
0_BEwbnmRZ4,0.13,"house"", ""home"", ""like"", ""love"", ""cool"", ""style"", ""jazzy"", ""would"", ""spanish"""
0_BEwbnmRZ4,0.112,"nice"", ""home"", ""lol"", ""leave"", ""hilarious"", ""also"", ""could"", ""monotone"", ""people"""
5WH-PSs9hI8,0.193,"house"", ""much"", ""joy"", ""mama"", ""one"", ""laugh"", ""like"", ""omg"""
5WH-PSs9hI8,0.168,"house"", ""drag"", ""stunning"", ""amazing"", ""queen"", ""gorgeous"", ""closet"", ""like"", ""would"""
5WH-PSs9hI8,0.147,"room"", ""wow"", ""favorite"", ""disco"", ""everything"", ""color"", ""house"", ""white"", ""black"""
5WH-PSs9hI8,0.139,"fracking"", ""like"", ""money"", ""see"", ""well"", ""want"", ""rich"", ""looks"", ""day"""
5WH-PSs9hI8,0.137,"house"", ""best"", ""thank"", ""ever"", ""tour"", ""beautiful"", ""seen"", ""loved"", ""person"""
5vNoHwgoIjw,0.148,"home"", ""house"", ""beautiful"", ""love"", ""like"", ""lovely"", ""nice"", ""seems"", ""would"""
5vNoHwgoIjw,0.143,"chicken"", ""dress"", ""got"", ""anyone"", ""know"", ""coop"", ""chickens"", ""else"", ""taste"""
5vNoHwgoIjw,0.127,"love"", ""house"", ""home"", ""like"", ""much"", ""amazing"", ""style"", ""everything"", ""kids"""
5vNoHwgoIjw,0.127,"lizzie"", ""mcguire"", ""lol"", ""girl"", ""thought"", ""samsung"", ""like"", ""blurred"", ""fish"""
5vNoHwgoIjw,0.125,"room"", ""want"", ""best"", ""kids"", ""house"", ""sons"", ""seen"", ""loved"", ""ever"""
5zvsAwsEwPg,0.161,"beautiful"", ""couple"", ""house"", ""love"", ""happy"", ""see"", ""well"", ""lovely"", ""two"""
5zvsAwsEwPg,0.15,"love"", ""two"", ""beautiful"", ""much"", ""people"", ""thank"", ""amazing"", ""gorgeous"", ""story"""
5zvsAwsEwPg,0.126,"beautiful"", ""house"", ""episode"", ""couple"", ""two"", ""love"", ""people"", ""joy"", ""watch"""
5zvsAwsEwPg,0.107,"much"", ""love"", ""best"", ""two"", ""one"", ""episode"", ""sweet"", ""ever"", ""together"""
5zvsAwsEwPg,0.105,"love"", ""one"", ""lovely"", ""favorite"", ""sharing"", ""wife"", ""see"", ""thanks"", ""homes"""
7R2RyqU4hjI,0.18,"mcnulty"", ""castle"", ""married"", ""lol"", ""pot"", ""lady"", ""damn"", ""money"", ""gorgeous"""
7R2RyqU4hjI,0.126,"irish"", ""like"", ""love"", ""video"", ""garden"", ""haunted"", ""place"", ""accent"", ""needs"""
7R2RyqU4hjI,0.118,"home"", ""lovely"", ""catherine"", ""couple"", ""tour"", ""thank"", ""wonderful"", ""best"", ""castle"""
7R2RyqU4hjI,0.114,"castle"", ""would"", ""want"", ""good"", ""family"", ""title"", ""catherine"", ""say"", ""ancestors"""
7R2RyqU4hjI,0.11,"beautiful"", ""castle"", ""like"", ""amazing"", ""house"", ""home"", ""would"", ""family"", ""place"""
7Z76MiQv0zg,0.185,"beautiful"", ""home"", ""lovely"", ""love"", ""lady"", ""thank"", ""woman"", ""soul"", ""amazing"""
7Z76MiQv0zg,0.152,"voice"", ""sweet"", ""love"", ""person"", ""soothing"", ""seems"", ""like"", ""lovely"", ""could"""
7Z76MiQv0zg,0.127,"house"", ""sword"", ""attic"", ""loved"", ""would"", ""though"", ""sharing"", ""lotr"", ""display"""
7Z76MiQv0zg,0.127,"love"", ""house"", ""tree"", ""home"", ""magnolia"", ""style"", ""much"", ""wow"", ""stunning"""
7Z76MiQv0zg,0.125,"like"", ""video"", ""arwen"", ""still"", ""good"", ""would"", ""asmr"", ""someone"", ""could"""
7cGmj0AR3z8,0.143,"beautiful"", ""house"", ""love"", ""statue"", ""creepy"", ""nice"", ""handsome"", ""home"", ""like"""
7cGmj0AR3z8,0.134,"house"", ""love"", ""beautiful"", ""like"", ""see"", ""bedroom"", ""nice"", ""much"", ""one"""
7cGmj0AR3z8,0.132,"right"", ""video"", ""like"", ""house"", ""love"", ""time"", ""tour"", ""quality"", ""good"""
7cGmj0AR3z8,0.126,"baby"", ""que"", ""casa"", ""love"", ""house"", ""damn"", ""would"", ""lol"", ""think"""
7cGmj0AR3z8,0.114,"neymar"", ""colombian"", ""colombia"", ""jersey"", ""love"", ""guy"", ""hot"", ""coffee"", ""know"""
80z6drP0NY8,0.184,"nice"", ""house"", ""come"", ""people"", ""miss"", ""mind"", ""taste"", ""decor"", ""yes"""
80z6drP0NY8,0.176,"like"", ""guy"", ""looks"", ""future"", ""damn"", ""older"", ""good"", ""lol"", ""man"""
80z6drP0NY8,0.173,"house"", ""home"", ""furniture"", ""wow"", ""jordan"", ""actually"", ""one"", ""vacation"", ""need"""
80z6drP0NY8,0.148,"love"", ""kids"", ""basketball"", ""house"", ""guy"", ""every"", ""room"", ""first"", ""court"""
80z6drP0NY8,0.122,"man"", ""still"", ""time"", ""player"", ""one"", ""hard"", ""nba"", ""got"", ""good"""
8MkcEzfyCFM,0.145,"art"", ""house"", ""collection"", ""melo"", ""piece"", ""room"", ""dope"", ""thank"", ""blurred"""
8MkcEzfyCFM,0.143,"house"", ""love"", ""beautiful"", ""nice"", ""like"", ""art"", ""melo"", ""everything"", ""stunning"""
8MkcEzfyCFM,0.127,"art"", ""guy"", ""love"", ""melo"", ""house"", ""respect"", ""amazing"", ""beautiful"", ""lol"""
8MkcEzfyCFM,0.126,"melo"", ""love"", ""like"", ""get"", ""brother"", ""one"", ""salute"", ""room"", ""want"""
8MkcEzfyCFM,0.124,"melo"", ""love"", ""wow"", ""art"", ""crib"", ""player"", ""nice"", ""taste"", ""vibe"""
9KapEXWynrA,0.378,"wondering"", ""deal"", ""wrong"", ""things"", ""one"", ""three"", ""frame"", ""someone"", ""large"""
9KapEXWynrA,0.149,"house"", ""home"", ""beautiful"", ""love"", ""like"", ""much"", ""amazing"", ""gorgeous"", ""feels"""
9KapEXWynrA,0.137,"blurred"", ""kitchen"", ""know"", ""painting"", ""art"", ""anyone"", ""room"", ""want"", ""wall"""
9KapEXWynrA,0.118,"love"", ""kitchen"", ""home"", ""yummy"", ""everything"", ""would"", ""homes"", ""style"", ""texture"""
9KapEXWynrA,0.117,"buy"", ""house"", ""yes"", ""one"", ""wow"", ""forever"", ""far"", ""painting"", ""elena"""
9OvibwfflDg,0.18,"beautiful"", ""house"", ""ever"", ""homes"", ""closet"", ""gorgeous"", ""absolutely"", ""seen"", ""loved"""
9OvibwfflDg,0.176,"love"", ""house"", ""gorgeous"", ""much"", ""would"", ""birds"", ""woman"", ""crystal"", ""video"""
9OvibwfflDg,0.156,"house"", ""taste"", ""nice"", ""cook"", ""perfection"", ""want"", ""accent"", ""latin"", ""exquisite"""
9OvibwfflDg,0.146,"cook"", ""like"", ""want"", ""house"", ""wow"", ""lol"", ""learn"", ""know"", ""would"""
9OvibwfflDg,0.14,"stunning"", ""house"", ""amazing"", ""room"", ""una"", ""see"", ""absolutely"", ""space"", ""wow"""
9p9sGtV4UoU,0.167,"love"", ""apartment"", ""house"", ""beautiful"", ""like"", ""dead"", ""wow"", ""upstate"", ""cat"""
9p9sGtV4UoU,0.138,"nice"", ""love"", ""video"", ""house"", ""cute"", ""one"", ""beautiful"", ""celebrities"", ""cat"""
9p9sGtV4UoU,0.127,"love"", ""like"", ""apartment"", ""would"", ""looks"", ""loved"", ""etsy"", ""always"", ""place"""
9p9sGtV4UoU,0.104,"love"", ""apartment"", ""like"", ""kids"", ""room"", ""style"", ""design"", ""pretty"", ""cozy"""
9p9sGtV4UoU,0.095,"art"", ""outfit"", ""love"", ""toilet"", ""know"", ""anyone"", ""bathroom"", ""like"", ""oleander"""
ATGZ58IRwfE,0.14,"beautiful"", ""home"", ""family"", ""house"", ""couple"", ""daughter"", ""cute"", ""gorgeous"", ""girl"""
ATGZ58IRwfE,0.134,"love"", ""house"", ""family"", ""home"", ""poppy"", ""lovely"", ""beautiful"", ""tree"", ""nice"""
ATGZ58IRwfE,0.134,"house"", ""love"", ""like"", ""gay"", ""poppy"", ""gorgeous"", ""girl"", ""kitchen"", ""look"""
ATGZ58IRwfE,0.13,"love"", ""cute"", ""home"", ""omg"", ""little"", ""poppy"", ""family"", ""daughter"", ""girl"""
ATGZ58IRwfE,0.101,"play"", ""traffic"", ""beautiful"", ""house"", ""new"", ""home"", ""ricky"", ""needs"", ""sad"""
AkTkUOOCZ-w,0.159,"love"", ""house"", ""like"", ""cozy"", ""looks"", ""best"", ""wow"", ""still"", ""done"""
AkTkUOOCZ-w,0.12,"house"", ""love"", ""like"", ""nice"", ""would"", ""cozy"", ""couple"", ""one"", ""beautiful"""
AkTkUOOCZ-w,0.117,"bed"", ""house"", ""beautiful"", ""bunk"", ""shoes"", ""ice"", ""age"", ""family"", ""room"""
AkTkUOOCZ-w,0.117,"love"", ""wife"", ""house"", ""everybody"", ""loves"", ""like"", ""show"", ""every"", ""loved"""
AkTkUOOCZ-w,0.117,"beautiful"", ""house"", ""lovely"", ""couple"", ""cozy"", ""looks"", ""way"", ""look"", ""would"""
AwhBTrzzqeg,0.202,"love"", ""house"", ""beautiful"", ""home"", ""like"", ""much"", ""kitchen"", ""green"", ""cool"""
AwhBTrzzqeg,0.157,"room"", ""bedroom"", ""see"", ""show"", ""want"", ""red"", ""limes"", ""coolest"", ""omg"""
AwhBTrzzqeg,0.143,"voice"", ""girl"", ""cool"", ""shades"", ""soothing"", ""could"", ""like"", ""love"", ""god"""
AwhBTrzzqeg,0.129,"like"", ""house"", ""home"", ""would"", ""looks"", ""nice"", ""one"", ""ever"", ""want"""
AwhBTrzzqeg,0.118,"dog"", ""lol"", ""get"", ""book"", ""movie"", ""know"", ""neighbors"", ""bamboo"", ""table"""
Axg27gwEqCE,0.205,"love"", ""house"", ""home"", ""beautiful"", ""bathroom"", ""obsessed"", ""wow"", ""gorgeous"", ""everything"""
Axg27gwEqCE,0.139,"mozart"", ""beethoven"", ""garden"", ""amazing"", ""house"", ""nice"", ""like"", ""remember"", ""sonata"""
Axg27gwEqCE,0.116,"obsessed"", ""know"", ""please"", ""lol"", ""anyone"", ""many"", ""though"", ""gary"", ""girl"""
Axg27gwEqCE,0.1,"one"", ""best"", ""seen"", ""house"", ""ever"", ""homes"", ""far"", ""good"", ""celebrity"""
Axg27gwEqCE,0.098,"like"", ""house"", ""love"", ""home"", ""would"", ""beautiful"", ""people"", ""much"", ""looks"""
BDA6rPA0Fcs,0.147,"gay"", ""like"", ""nice"", ""bar"", ""couple"", ""house"", ""rich"", ""lovely"", ""nph"""
BDA6rPA0Fcs,0.131,"house"", ""love"", ""home"", ""beautiful"", ""ever"", ""cool"", ""art"", ""kitchen"", ""see"""
BDA6rPA0Fcs,0.125,"like"", ""barney"", ""scooter"", ""home"", ""book"", ""would"", ""thought"", ""flip"", ""looks"""
BDA6rPA0Fcs,0.124,"love"", ""much"", ""like"", ""want"", ""gay"", ""lol"", ""suit"", ""one"", ""see"""
BDA6rPA0Fcs,0.107,"house"", ""love"", ""beautiful"", ""like"", ""many"", ""couple"", ""omg"", ""looks"", ""would"""
D-qQneOnJl0,0.207,"house"", ""like"", ""looks"", ""want"", ""minerals"", ""cook"", ""much"", ""awesome"", ""open"""
D-qQneOnJl0,0.184,"house"", ""cozy"", ""cabin"", ""right"", ""couple"", ""everything"", ""stone"", ""warm"""
D-qQneOnJl0,0.179,"meth"", ""money"", ""lab"", ""bad"", ""get"", ""show"", ""cooking"", ""white"", ""well"""
D-qQneOnJl0,0.172,"nice"", ""life"", ""pinkman"", ""good"", ""happy"", ""see"", ""house"", ""todd"", ""finally"""
D-qQneOnJl0,0.164,"home"", ""beautiful"", ""place"", ""gorgeous"", ""absolutely"", ""well"", ""stunning"", ""done"", ""taste"""
D_gkHpZ2oRI,0.125,"beautiful"", ""home"", ""love"", ""house"", ""like"", ""look"", ""cute"", ""design"", ""way"""
D_gkHpZ2oRI,0.124,"house"", ""like"", ""books"", ""home"", ""love"", ""lol"", ""room"", ""one"", ""furniture"""
D_gkHpZ2oRI,0.105,"love"", ""much"", ""homes"", ""room"", ""style"", ""honest"", ""always"", ""books"", ""fun"""
D_gkHpZ2oRI,0.101,"love"", ""books"", ""omg"", ""much"", ""authentic"", ""also"", ""would"", ""one"", ""everything"""
D_gkHpZ2oRI,0.098,"love"", ""amazing"", ""home"", ""house"", ""gorgeous"", ""see"", ""definitely"", ""boring"", ""garden"""
EB_Z-8kBNm8,0.144,"love"", ""house"", ""home"", ""like"", ""cozy"", ""absolutely"", ""charming"", ""amazing"", ""much"""
EB_Z-8kBNm8,0.14,"beautiful"", ""love"", ""home"", ""house"", ""one"", ""door"", ""would"", ""blue"", ""cozy"""
EB_Z-8kBNm8,0.117,"house"", ""like"", ""home"", ""looks"", ""could"", ""taste"", ""yorkshire"", ""scottish"", ""lovely"""
EB_Z-8kBNm8,0.103,"pond"", ""know"", ""amy"", ""home"", ""married"", ""comic"", ""scottish"", ""house"", ""obsessed"""
EB_Z-8kBNm8,0.099,"house"", ""see"", ""lol"", ""kitchen"", ""home"", ""little"", ""piano"", ""room"", ""fun"""
EobMnSpjfTU,0.197,"love"", ""house"", ""much"", ""omg"", ""amazing"", ""home"", ""super"", ""cool"", ""beautiful"""
EobMnSpjfTU,0.154,"house"", ""home"", ""beautiful"", ""one"", ""best"", ""gorgeous"", ""seen"", ""ever"", ""houses"""
EobMnSpjfTU,0.139,"gay"", ""know"", ""people"", ""melbourne"", ""sweet"", ""thing"", ""shirt"", ""anyone"", ""vibes"""
EobMnSpjfTU,0.139,"house"", ""like"", ""love"", ""home"", ""looks"", ""would"", ""nice"", ""part"", ""cozy"""
EobMnSpjfTU,0.126,"wow"", ""nice"", ""right"", ""couch"", ""going"", ""world"", ""made"", ""sense"", ""imagine"""
ExTP2rYqguE,0.142,"mike"", ""ross"", ""stunning"", ""rachel"", ""married"", ""house"", ""wow"", ""claire"", ""love"""
ExTP2rYqguE,0.142,"home"", ""like"", ""beautiful"", ""house"", ""love"", ""couple"", ""nice"", ""one"", ""amazing"""
ExTP2rYqguE,0.12,"love"", ""house"", ""home"", ""one"", ""favorite"", ""like"", ""feels"", ""omg"", ""people"""
ExTP2rYqguE,0.115,"house"", ""beautiful"", ""love"", ""one"", ""favourite"", ""think"", ""seen"", ""tell"", ""show"""
ExTP2rYqguE,0.114,"house"", ""love"", ""let"", ""bathroom"", ""like"", ""would"", ""perfect"", ""cute"", ""much"""
FIDsKWis3jo,0.203,"love"", ""house"", ""home"", ""nice"", ""dress"", ""much"", ""everything"", ""girl"", ""know"""
FIDsKWis3jo,0.176,"beautiful"", ""home"", ""house"", ""taste"", ""wow"", ""amazing"", ""design"", ""stunning"", ""good"""
FIDsKWis3jo,0.126,"view"", ""nice"", ""smog"", ""house"", ""voice"", ""would"", ""particular"", ""like"", ""big"""
FIDsKWis3jo,0.119,"house"", ""one"", ""love"", ""seen"", ""best"", ""home"", ""ever"", ""cozy"", ""room"""
FIDsKWis3jo,0.115,"would"", ""house"", ""going"", ""built"", ""one"", ""like"", ""people"", ""wood"", ""wow"""
GiYK_6FxNts,0.143,"beautiful"", ""home"", ""house"", ""black"", ""love"", ""white"", ""edmonton"", ""leonard"", ""inside"""
GiYK_6FxNts,0.131,"house"", ""love"", ""style"", ""like"", ""design"", ""home"", ""definitely"", ""boring"", ""actually"""
GiYK_6FxNts,0.119,"house"", ""nice"", ""home"", ""couple"", ""love"", ""like"", ""people"", ""happy"", ""modern"""
GiYK_6FxNts,0.115,"cozy"", ""house"", ""place"", ""looks"", ""like"", ""would"", ""cold"", ""personal"", ""interior"""
GiYK_6FxNts,0.111,"home"", ""dog"", ""house"", ""like"", ""looks"", ""cool"", ""nice"", ""love"", ""hotel"""
HphRKCxIK_Q,0.145,"love"", ""beautiful"", ""house"", ""home"", ""like"", ""spanish"", ""amazing"", ""also"", ""style"""
HphRKCxIK_Q,0.144,"house"", ""like"", ""home"", ""love"", ""looks"", ""nice"", ""brazilian"", ""gorgeous"", ""one"""
HphRKCxIK_Q,0.125,"one"", ""wow"", ""naked"", ""beautiful"", ""kids"", ""daughter"", ""home"", ""picture"", ""room"""
HphRKCxIK_Q,0.104,"woman"", ""room"", ""husband"", ""pics"", ""got"", ""family"", ""shot"", ""place"", ""says"""
HphRKCxIK_Q,0.1,"want"", ""wearing"", ""lovely"", ""video"", ""jumpsuit"", ""line"", ""family"", ""watching"", ""zip"""
IxlzRwNX63A,0.125,"beautiful"", ""home"", ""house"", ""like"", ""love"", ""well"", ""elegant"", ""elegance"", ""thank"""
IxlzRwNX63A,0.119,"love"", ""amazing"", ""like"", ""beautiful"", ""artwork"", ""art"", ""home"", ""elegant"", ""everything"""
IxlzRwNX63A,0.105,"beautiful"", ""home"", ""closet"", ""nice"", ""woman"", ""art"", ""elegant"", ""love"", ""would"""
IxlzRwNX63A,0.099,"home"", ""love"", ""elegant"", ""gorgeous"", ""like"", ""lovely"", ""beautiful"", ""art"", ""classy"""
IxlzRwNX63A,0.095,"art"", ""love"", ""one"", ""room"", ""like"", ""see"", ""collection"", ""know"", ""dressing"""
JKUWL85Betk,0.181,"love"", ""beautiful"", ""house"", ""sheeps"", ""gorgeous"", ""one"", ""much"", ""looks"", ""girl"""
JKUWL85Betk,0.11,"house"", ""taste"", ""boring"", ""sorry"", ""beautiful"", ""space"", ""money"", ""seen"", ""bad"""
JKUWL85Betk,0.086,"sheep"", ""like"", ""house"", ""plural"", ""pictures"", ""video"", ""people"", ""looks"", ""meh"""
JKUWL85Betk,0.081,"white"", ""black"", ""house"", ""love"", ""like"", ""color"", ""whole"", ""gold"", ""interior"""
JKUWL85Betk,0.079,"que"", ""never"", ""con"", ""interior"", ""want"", ""model"", ""decor"", ""ever"", ""one"""
Jzqu48uup54,0.181,"president"", ""house"", ""thank"", ""tour"", ""white"", ""love"", ""video"", ""guy"", ""much"""
Jzqu48uup54,0.152,"office"", ""cool"", ""see"", ""like"", ""oval"", ""many"", ""get"", ""takes"", ""people"""
Jzqu48uup54,0.143,"say"", ""christmas"", ""merry"", ""america"", ""one"", ""word"", ""president"", ""room"", ""best"""
Jzqu48uup54,0.133,"like"", ""thanks"", ""president"", ""politics"", ""aside"", ""guy"", ""lol"", ""seems"", ""dude"""
Jzqu48uup54,0.089,"nice"", ""coke"", ""eyes"", ""rug"", ""please"", ""clinton"", ""believe"", ""monica"", ""youtube"""
KHfP3InQc94,0.162,"love"", ""home"", ""beautiful"", ""house"", ""kourtney"", ""family"", ""vibe"", ""amazing"", ""together"""
KHfP3InQc94,0.13,"like"", ""looks"", ""vegan"", ""look"", ""lol"", ""cozy"", ""food"", ""house"", ""kardashian"""
KHfP3InQc94,0.125,"kourtney"", ""kourt"", ""see"", ""happy"", ""years"", ""loves"", ""married"", ""much"", ""dude"""
KHfP3InQc94,0.119,"like"", ""seems"", ""guy"", ""kourtney"", ""nice"", ""voice"", ""person"", ""cool"", ""calm"""
KHfP3InQc94,0.107,"like"", ""house"", ""candle"", ""kourtneys"", ""kourtney"", ""people"", ""black"", ""lol"", ""anyone"""
KIqQ0gowzt4,0.194,"gorgeous"", ""wow"", ""stunning"", ""absolutely"", ""lovely"", ""home"", ""homes"", ""thank"", ""woman"""
KIqQ0gowzt4,0.165,"beautiful"", ""home"", ""place"", ""amazing"", ""love"", ""kenya"", ""house"", ""best"", ""seen"""
KIqQ0gowzt4,0.151,"resort"", ""like"", ""house"", ""hotel"", ""home"", ""looks"", ""luxury"", ""villa"", ""whole"""
KIqQ0gowzt4,0.135,"kenya"", ""kenyan"", ""african"", ""home"", ""queen"", ""malindi"", ""much"", ""africa"""
KIqQ0gowzt4,0.103,"still"", ""would"", ""video"", ""furniture"", ""rains"", ""happens"", ""age"", ""believe"", ""cribs"""
KuYsILv6Fd0,0.117,"beautiful"", ""house"", ""home"", ""people"", ""like"", ""safe"", ""family"", ""kids"", ""homes"""
KuYsILv6Fd0,0.113,"love"", ""home"", ""beautiful"", ""new"", ""see"", ""house"", ""much"", ""cute"", ""absolutely"""
KuYsILv6Fd0,0.107,"couple"", ""love"", ""home"", ""beautiful"", ""house"", ""kitchen"", ""know"", ""lovely"", ""family"""
KuYsILv6Fd0,0.097,"want"", ""home"", ""know"", ""couple"", ""best"", ""anyone"", ""see"", ""like"", ""room"""
KuYsILv6Fd0,0.094,"children"", ""home"", ""poppy"", ""rooms"", ""kids"", ""could"", ""two"", ""much"""
KyI8i1-cN8s,0.176,"jayztwocents"", ""made"", ""well"", ""look"", ""office"", ""around"", ""saw"", ""computer"", ""home"""
KyI8i1-cN8s,0.169,"love"", ""man"", ""guy"", ""bed"", ""cave"", ""light"", ""wife"", ""clean"", ""energy"""
KyI8i1-cN8s,0.151,"like"", ""let"", ""beautiful"", ""loves"", ""every"", ""yogurt"", ""humble"", ""god"", ""wallpaper"""
KyI8i1-cN8s,0.147,"dude"", ""love"", ""best"", ""much"", ""would"", ""kids"", ""sell"", ""one"", ""things"""
KyI8i1-cN8s,0.141,"guy"", ""cool"", ""dad"", ""respect"", ""like"", ""damn"", ""even"", ""super"", ""away"""
Li8ubUzLB90,0.15,"love"", ""like"", ""house"", ""one"", ""space"", ""chicken"", ""adu"", ""looks"", ""victoria"""
Li8ubUzLB90,0.144,"house"", ""beautiful"", ""love"", ""favorite"", ""finally"", ""wow"", ""yard"", ""want"", ""please"""
Li8ubUzLB90,0.113,"house"", ""love"", ""modern"", ""family"", ""one"", ""two"", ""much"", ""best"", ""nice"""
Li8ubUzLB90,0.113,"house"", ""nice"", ""cam"", ""love"", ""loved"", ""people"", ""first"", ""could"", ""family"""
Li8ubUzLB90,0.09,"many"", ""lol"", ""one"", ""want"", ""homes"", ""nice"", ""mitchell"", ""though"", ""sure"""
LpVraZRIjrY,0.145,"love"", ""house"", ""wow"", ""like"", ""amazing"", ""room"", ""cool"", ""unique"", ""one"""
LpVraZRIjrY,0.131,"room"", ""love"", ""like"", ""cute"", ""gucci"", ""wallpaper"", ""every"", ""cloud"", ""kitchen"""
LpVraZRIjrY,0.112,"house"", ""like"", ""love"", ""would"", ""art"", ""looks"", ""beautiful"", ""home"", ""lol"""
LpVraZRIjrY,0.106,"home"", ""beautiful"", ""house"", ""much"", ""love"", ""seen"", ""one"", ""fun"", ""actually"""
LpVraZRIjrY,0.104,"house"", ""like"", ""farmhouse"", ""much"", ""unique"", ""style"", ""sure"", ""dogs"", ""leather"""
NXrwxbxeqCE,0.144,"love"", ""house"", ""dogs"", ""dog"", ""got"", ""bathroom"", ""see"", ""beach"", ""everything"""
NXrwxbxeqCE,0.117,"would"", ""like"", ""love"", ""house"", ""could"", ""kitchen"", ""little"", ""cozy"", ""done"""
NXrwxbxeqCE,0.113,"bathroom"", ""kitchen"", ""beautiful"", ""like"", ""house"", ""marble"", ""looks"", ""absolutely"", ""seen"""
NXrwxbxeqCE,0.103,"love"", ""home"", ""house"", ""like"", ""stove"", ""would"", ""space"", ""lovely"", ""cozy"""
NXrwxbxeqCE,0.092,"space"", ""love"", ""like"", ""house"", ""small"", ""bathroom"", ""place"", ""little"", ""home"""
P-7mzzWtnVQ,0.131,"love"", ""home"", ""beautiful"", ""like"", ""room"", ""house"", ""mom"", ""looks"", ""gorgeous"""
P-7mzzWtnVQ,0.122,"house"", ""beautiful"", ""love"", ""christmas"", ""home"", ""one"", ""would"", ""money"", ""much"""
P-7mzzWtnVQ,0.098,"love"", ""christmas"", ""trees"", ""would"", ""many"", ""house"", ""see"", ""much"", ""like"""
P-7mzzWtnVQ,0.097,"love"", ""christmas"", ""house"", ""fluffer"", ""like"", ""beautiful"", ""fluffing"", ""lol"", ""tree"""
P-7mzzWtnVQ,0.094,"like"", ""home"", ""beautiful"", ""paris"", ""nice"", ""seems"", ""love"", ""much"", ""bowl"""
PKAM4M9OET8,0.169,"love"", ""house"", ""loved"", ""bedroom"", ""cool"", ""stunning"", ""place"", ""lovely"", ""style"""
PKAM4M9OET8,0.135,"best"", ""much"", ""house"", ""style"", ""amazing"", ""vibe"", ""beata"", ""stuff"", ""garden"""
PKAM4M9OET8,0.128,"voice"", ""love"", ""nice"", ""wow"", ""amazing"", ""yes"", ""unique"", ""rich"", ""tour"""
PKAM4M9OET8,0.119,"like"", ""house"", ""beautiful"", ""people"", ""love"", ""shower"", ""know"", ""person"", ""absolutely"""
PKAM4M9OET8,0.115,"house"", ""thing"", ""eclectic"", ""see"", ""know"", ""going"", ""tour"", ""amazing"", ""art"""
PWnDS45iDj4,0.328,"rings"", ""similar"", ""pants"", ""know"", ""anyone"", ""brand"", ""table"", ""wearing"", ""sweatpants"""
PWnDS45iDj4,0.164,"house"", ""wow"", ""amazing"", ""like"", ""gorgeous"", ""beautiful"", ""taste"", ""style"", ""looks"""
PWnDS45iDj4,0.147,"taste"", ""nice"", ""good"", ""guy"", ""house"", ""man"", ""cars"", ""seems"", ""like"""
PWnDS45iDj4,0.138,"home"", ""love"", ""beautiful"", ""modern"", ""cozy"", ""warm"", ""inviting"", ""nice"", ""stunning"""
PWnDS45iDj4,0.131,"one"", ""best"", ""house"", ""see"", ""seen"", ""need"", ""video"", ""big"", ""old"""
PqpCeiYycVM,0.187,"house"", ""beautiful"", ""home"", ""cool"", ""insane"", ""god"", ""literally"", ""please"", ""congrats"""
PqpCeiYycVM,0.177,"house"", ""ever"", ""wow"", ""seen"", ""proud"", ""best"", ""amazing"", ""one"", ""beautiful"""
PqpCeiYycVM,0.171,"like"", ""house"", ""want"", ""obsessed"", ""looks"", ""home"", ""rich"", ""vibes"", ""stunning"""
PqpCeiYycVM,0.154,"love"", ""house"", ""books"", ""much"", ""style"", ""like"", ""everything"", ""home"", ""girl"""
PqpCeiYycVM,0.108,"gorgeous"", ""house"", ""happy"", ""home"", ""see"", ""love"", ""new"", ""art"", ""dad"""
Pt_5Faa_J-U,0.179,"house"", ""home"", ""beautiful"", ""love"", ""like"", ""tennis"", ""nice"", ""one"", ""wow"""
Pt_5Faa_J-U,0.104,"like"", ""house"", ""looks"", ""home"", ""space"", ""know"", ""would"", ""art"", ""cold"""
Pt_5Faa_J-U,0.064,"like"", ""concrete"", ""cold"", ""walls"", ""though"", ""people"", ""taste"", ""kind"", ""warm"""
Pt_5Faa_J-U,0.049,"love"", ""hubby"", ""spot"", ""sara"", ""russia"", ""tree"", ""sorry"", ""vibe"", ""maple"""
Pt_5Faa_J-U,0.015,"ზარბო"", ""შარაპოვა"", ""дом"", ""მოვტყან"", ""else"", ""მინეტი"", ""შენი"", ""inviting"", ""ვთხარე"""
QMCR45FyfzU,0.149,"lannister"", ""leo"", ""jamie"", ""jaime"", ""house"", ""course"", ""fookin"", ""guy"", ""lion"""
QMCR45FyfzU,0.148,"thai"", ""brienne"", ""shirt"", ""มวยไทย"", ""doll"", ""tshirt"", ""muay"", ""love"", ""energy"""
QMCR45FyfzU,0.147,"like"", ""one"", ""house"", ""pants"", ""get"", ""video"", ""fern"", ""much"", ""looks"""
QMCR45FyfzU,0.132,"hand"", ""back"", ""man"", ""good"", ""house"", ""got"", ""see"", ""like"", ""simple"""
QMCR45FyfzU,0.128,"love"", ""house"", ""guy"", ""simple"", ""home"", ""man"", ""lol"", ""like"", ""cool"""
Qc0iJpQcdis,0.185,"house"", ""love"", ""nice"", ""like"", ""favorite"", ""one"", ""style"", ""beautiful"", ""tour"""
Qc0iJpQcdis,0.136,"room"", ""beautiful"", ""like"", ""love"", ""laundry"", ""hotel"", ""much"", ""look"", ""one"""
Qc0iJpQcdis,0.119,"gorgeous"", ""hanna"", ""would"", ""marin"", ""house"", ""cute"", ""idea"", ""even"", ""always"""
Qc0iJpQcdis,0.117,"house"", ""like"", ""room"", ""looks"", ""loved"", ""look"", ""dining"", ""vibe"", ""pots"""
Qc0iJpQcdis,0.107,"wallpaper"", ""like"", ""omg"", ""love"", ""kitchen"", ""show"", ""ceiling"", ""looks"", ""little"""
QvoPw_5Sz8U,0.128,"house"", ""love"", ""gorgeous"", ""happy"", ""omg"", ""much"", ""kitchen"", ""beautiful"", ""spice"""
QvoPw_5Sz8U,0.119,"wallpaper"", ""house"", ""love"", ""gorgeous"", ""way"", ""beautiful"", ""absolutely"", ""taste"", ""design"""
QvoPw_5Sz8U,0.115,"house"", ""couple"", ""amazing"", ""like"", ""mouse"", ""would"", ""know"", ""kitchen"", ""perfect"""
QvoPw_5Sz8U,0.113,"beautiful"", ""house"", ""stunning"", ""love"", ""ever"", ""thank"", ""room"", ""seen"", ""utah"""
QvoPw_5Sz8U,0.086,"house"", ""much"", ""club"", ""fender"", ""fireplace"", ""loved"", ""make"", ""attention"", ""channel"""
RDn0K9UzCpc,0.166,"beautiful"", ""love"", ""home"", ""gorgeous"", ""apartment"", ""outfit"", ""amazing"", ""stunning"", ""place"""
RDn0K9UzCpc,0.146,"skirt"", ""love"", ""omg"", ""get"", ""lol"", ""pope"", ""want"", ""girl"", ""decor"""
RDn0K9UzCpc,0.135,"love"", ""outfit"", ""apartment"", ""skirt"", ""much"", ""beautiful"", ""would"", ""home"", ""see"""
RDn0K9UzCpc,0.128,"home"", ""wow"", ""dog"", ""love"", ""bronx"", ""loved"", ""design"", ""cute"", ""one"""
RDn0K9UzCpc,0.119,"nice"", ""apartment"", ""beautiful"", ""skirt"", ""know"", ""could"", ""like"", ""view"", ""home"""
RF-Mqs2qC-M,0.229,"house"", ""million"", ""mansion"", ""nice"", ""thought"", ""alia"", ""though"", ""beautiful"", ""pot"""
RF-Mqs2qC-M,0.187,"skittles"", ""machine"", ""want"", ""tree"", ""poor"", ""video"", ""made"", ""came"", ""feel"""
RF-Mqs2qC-M,0.177,"rich"", ""like"", ""ali"", ""man"", ""house"", ""hotel"", ""good"", ""look"", ""hell"""
RF-Mqs2qC-M,0.16,"like"", ""house"", ""looks"", ""door"", ""small"", ""home"", ""kind"", ""feel"", ""look"""
RF-Mqs2qC-M,0.158,"wow"", ""damn"", ""dude"", ""idea"", ""anyone"", ""someone"", ""please"", ""else"", ""perfect"""
RNjlfo_8u4s,0.158,"house"", ""dwight"", ""love"", ""life"", ""see"", ""schrute"", ""beautiful"", ""cool"", ""mindy"""
RNjlfo_8u4s,0.144,"like"", ""looks"", ""dwight"", ""house"", ""shrute"", ""wow"", ""lord"", ""office"", ""guy"""
RNjlfo_8u4s,0.135,"beets"", ""house"", ""dwight"", ""schrute"", ""farms"", ""tell"", ""please"", ""fun"", ""farm"""
RNjlfo_8u4s,0.135,"farm"", ""like"", ""love"", ""dwight"", ""house"", ""beet"", ""home"", ""room"", ""would"""
RNjlfo_8u4s,0.122,"home"", ""beautiful"", ""mose"", ""warm"", ""gorgeous"", ""people"", ""couple"", ""nice"", ""use"""
RjVfU9WcPxE,0.153,"love"", ""house"", ""man"", ""energy"", ""best"", ""like"", ""episode"", ""tour"", ""amazing"""
RjVfU9WcPxE,0.147,"beautiful"", ""home"", ""house"", ""love"", ""blurred"", ""thanks"", ""thank"", ""like"", ""tour"""
RjVfU9WcPxE,0.146,"chef"", ""wow"", ""love"", ""art"", ""blurred"", ""food"", ""house"", ""rich"", ""bloscar"""
RjVfU9WcPxE,0.138,"guy"", ""broke"", ""thought"", ""house"", ""gorgeous"", ""cool"", ""seen"", ""absolutely"", ""like"""
RjVfU9WcPxE,0.119,"nice"", ""house"", ""lol"", ""roman"", ""back"", ""like"", ""money"", ""ago"", ""way"""
S1_L6RGDggk,0.132,"love"", ""like"", ""home"", ""beautiful"", ""dog"", ""also"", ""space"", ""know"", ""see"""
S1_L6RGDggk,0.11,"nice"", ""love"", ""wife"", ""tall"", ""lovely"", ""boys"", ""beach"", ""man"", ""gorgeous"""
S1_L6RGDggk,0.108,"cardigan"", ""love"", ""sweater"", ""like"", ""cool"", ""much"", ""dude"", ""house"", ""know"""
S1_L6RGDggk,0.1,"like"", ""love"", ""guy"", ""art"", ""looks"", ""nice"", ""seems"", ""know"", ""house"""
S1_L6RGDggk,0.098,"love"", ""place"", ""good"", ""guy"", ""beautiful"", ""american"", ""art"", ""get"", ""anyone"""
SVO-iq2bjTQ,0.159,"love"", ""home"", ""beautiful"", ""pictures"", ""every"", ""vibe"", ""elm"", ""much"", ""decor"""
SVO-iq2bjTQ,0.139,"apartment"", ""amazing"", ""style"", ""nice"", ""definitely"", ""gorgeous"", ""looks"", ""bed"", ""cute"""
SVO-iq2bjTQ,0.114,"like"", ""see"", ""house"", ""love"", ""sunshine"", ""way"", ""apartment"", ""seems"", ""need"""
SVO-iq2bjTQ,0.113,"cute"", ""space"", ""girl"", ""video"", ""loved"", ""small"", ""spot"", ""moment"", ""surrounded"""
SVO-iq2bjTQ,0.104,"table"", ""chair"", ""lamp"", ""sweet"", ""first"", ""light"", ""girl"", ""sofa"""
SrlAlMsdr3g,0.168,"love"", ""house"", ""beautiful"", ""home"", ""couple"", ""much"", ""gorgeous"", ""like"", ""two"""
SrlAlMsdr3g,0.149,"house"", ""nice"", ""wow"", ""ever"", ""amazing"", ""seen"", ""one"", ""home"", ""money"""
SrlAlMsdr3g,0.138,"creepy"", ""doll"", ""bathroom"", ""winchester"", ""know"", ""kids"", ""lol"", ""clean"", ""baby"""
SrlAlMsdr3g,0.131,"supernatural"", ""wife"", ""one"", ""voice"", ""like"", ""life"", ""watch"", ""show"", ""tree"""
SrlAlMsdr3g,0.115,"like"", ""house"", ""want"", ""toilet"", ""looks"", ""well"", ""get"", ""might"", ""home"""
TPEdTajhR6A,0.149,"sam"", ""home"", ""way"", ""like"", ""air"", ""humble"", ""gen"", ""conditioning"", ""want"""
TPEdTajhR6A,0.145,"home"", ""beautiful"", ""house"", ""love"", ""couple"", ""lovely"", ""cozy"", ""family"", ""people"""
TPEdTajhR6A,0.139,"supernatural"", ""waiting"", ""one"", ""hat"", ""know"", ""family"", ""seen"", ""best"", ""house"""
TPEdTajhR6A,0.124,"see"", ""house"", ""one"", ""gorgeous"", ""thinking"", ""looks"", ""different"", ""hat"", ""earth"""
TPEdTajhR6A,0.118,"love"", ""house"", ""home"", ""looks"", ""loved"", ""beautiful"", ""well"", ""cozy"", ""dark"""
UAUfo6KY1wg,0.141,"beautiful"", ""home"", ""house"", ""love"", ""universe"", ""trust"", ""gorgeous"", ""seen"", ""couple"""
UAUfo6KY1wg,0.125,"house"", ""like"", ""home"", ""wow"", ""yes"", ""amazing"", ""love"", ""know"", ""one"""
UAUfo6KY1wg,0.088,"love"", ""home"", ""like"", ""house"", ""people"", ""style"", ""mediterranean"", ""clothes"", ""one"""
UAUfo6KY1wg,0.087,"white"", ""looks"", ""like"", ""blue"", ""money"", ""nice"", ""taste"", ""color"", ""buy"""
UAUfo6KY1wg,0.083,"room"", ""love"", ""house"", ""fashion"", ""outdoor"", ""pretty"", ""much"", ""rooms"", ""would"""
UYEWJcmWKGQ,0.168,"beautiful"", ""home"", ""couple"", ""love"", ""lovely"", ""like"", ""people"", ""gorgeous"", ""feel"""
UYEWJcmWKGQ,0.128,"love"", ""like"", ""house"", ""home"", ""one"", ""happy"", ""see"", ""much"", ""favorite"""
UYEWJcmWKGQ,0.115,"want"", ""couple"", ""favourite"", ""know"", ""black"", ""talk"", ""husband"", ""lovely"", ""simply"""
UYEWJcmWKGQ,0.115,"home"", ""love"", ""beautiful"", ""gorgeous"", ""house"", ""sharing"", ""thank"", ""warm"", ""couple"""
UYEWJcmWKGQ,0.107,"cute"", ""together"", ""nice"", ""day"", ""house"", ""couple"", ""power"", ""like"", ""hang"""
VTPdktgrtF8,0.132,"love"", ""proud"", ""ariel"", ""office"", ""limes"", ""looks"", ""come"", ""far"", ""see"""
VTPdktgrtF8,0.121,"office"", ""studio"", ""love"", ""beautiful"", ""ariel"", ""know"", ""work"", ""see"", ""gorgeous"""
VTPdktgrtF8,0.12,"love"", ""office"", ""zhc"", ""mural"", ""lol"", ""never"", ""ronald"", ""ariel"", ""one"""
VTPdktgrtF8,0.108,"ariel"", ""job"", ""space"", ""love"", ""amazing"", ""get"", ""look"", ""office"", ""incredible"""
VTPdktgrtF8,0.107,"office"", ""looks"", ""like"", ""ariel"", ""cool"", ""proud"", ""video"", ""need"", ""work"""
VabOWgtG2D4,0.122,"love"", ""home"", ""beautiful"", ""house"", ""amazing"", ""room"", ""couple"", ""family"", ""two"""
VabOWgtG2D4,0.119,"love"", ""beautiful"", ""kitchen"", ""house"", ""like"", ""home"", ""art"", ""kids"", ""best"""
VabOWgtG2D4,0.101,"like"", ""home"", ""house"", ""looks"", ""design"", ""beautiful"", ""much"", ""love"", ""one"""
VabOWgtG2D4,0.095,"love"", ""wow"", ""home"", ""design"", ""rooms"", ""kids"", ""gorgeous"", ""beautiful"", ""video"""
VabOWgtG2D4,0.089,"love"", ""home"", ""kitchen"", ""children"", ""enjoy"", ""family"", ""much"", ""see"", ""nice"""
VxvfhuxOE1I,0.124,"home"", ""beautiful"", ""love"", ""would"", ""amazing"", ""barn"", ""house"", ""horses"", ""chapel"""
VxvfhuxOE1I,0.116,"cool"", ""house"", ""love"", ""one"", ""creepy"", ""video"", ""interesting"", ""could"", ""chapel"""
VxvfhuxOE1I,0.104,"love"", ""church"", ""ebay"", ""much"", ""house"", ""property"", ""always"", ""one"", ""around"""
VxvfhuxOE1I,0.1,"house"", ""like"", ""love"", ""style"", ""would"", ""place"", ""people"", ""get"", ""nice"""
VxvfhuxOE1I,0.091,"like"", ""house"", ""love"", ""home"", ""looks"", ""much"", ""got"", ""church"", ""would"""
VyEf4EBXe8o,0.254,"tie"", ""shoes"", ""views"", ""sucker"", ""wait"", ""child"", ""like"", ""picture"", ""dad"""
VyEf4EBXe8o,0.181,"house"", ""like"", ""grandma"", ""style"", ""snoop"", ""tour"", ""nice"", ""please"", ""yes"""
VyEf4EBXe8o,0.173,"one"", ""lol"", ""tesla"", ""video"", ""like"", ""feel"", ""want"", ""lmao"", ""led"""
VyEf4EBXe8o,0.165,"juul"", ""fish"", ""pod"", ""anyone"", ""else"", ""mango"", ""see"", ""baseball"", ""bowl"""
VyEf4EBXe8o,0.159,"love"", ""old"", ""year"", ""like"", ""house"", ""million"", ""would"", ""still"", ""kids"""
VylU-ueLA_g,0.155,"love"", ""papa"", ""guy"", ""house"", ""rich"", ""thought"", ""video"", ""kitchen"", ""nice"""
VylU-ueLA_g,0.135,"minimalist"", ""house"", ""like"", ""know"", ""would"", ""lol"", ""love"", ""nothing"", ""beautiful"""
VylU-ueLA_g,0.12,"youtube"", ""money"", ""beautiful"", ""taste"", ""got"", ""would"", ""get"", ""art"", ""bro"""
VylU-ueLA_g,0.108,"house"", ""minimalist"", ""like"", ""ever"", ""seen"", ""look"", ""would"", ""much"", ""come"""
VylU-ueLA_g,0.108,"soulless"", ""need"", ""austin"", ""uncle"", ""roger"", ""would"", ""see"", ""still"", ""one"""
X89WJTXA8KQ,0.133,"home"", ""happy"", ""colors"", ""style"", ""energy"", ""vibe"", ""house"", ""like"""
X89WJTXA8KQ,0.118,"beautiful"", ""home"", ""love"", ""energy"", ""wow"", ""style"", ""gorgeous"", ""nice"", ""sweet"""
X89WJTXA8KQ,0.11,"home"", ""love"", ""gorgeous"", ""like"", ""design"", ""bedroom"", ""good"", ""house"", ""energy"""
X89WJTXA8KQ,0.11,"house"", ""love"", ""beautiful"", ""favorite"", ""color"", ""amazing"", ""full"", ""space"", ""everything"""
X89WJTXA8KQ,0.109,"home"", ""love"", ""house"", ""like"", ""beautiful"", ""much"", ""one"", ""see"", ""omg"""
XNrTIQjHuKs,0.197,"ohio"", ""lip"", ""columbus"", ""bite"", ""still"", ""omg"", ""never"", ""hair"", ""love"""
XNrTIQjHuKs,0.166,"love"", ""home"", ""house"", ""beautiful"", ""amazing"", ""couple"", ""much"", ""wow"", ""cute"""
XNrTIQjHuKs,0.136,"like"", ""gomez"", ""looks"", ""miley"", ""look"", ""sounds"", ""cyrus"", ""voice"", ""way"""
XNrTIQjHuKs,0.13,"house"", ""seen"", ""ever"", ""cool"", ""one"", ""favorite"", ""couple"", ""coolest"", ""life"""
XNrTIQjHuKs,0.122,"lol"", ""bust"", ""house"", ""would"", ""jessie"", ""hey"", ""love"", ""dwayne"", ""corn"""
XxPPdlo72ho,0.166,"love"", ""house"", ""cozy"", ""like"", ""cute"", ""would"", ""much"", ""looks"", ""amazing"""
XxPPdlo72ho,0.152,"love"", ""house"", ""like"", ""dolls"", ""ship"", ""chandelier"", ""looks"", ""lol"", ""absolutely"""
XxPPdlo72ho,0.145,"love"", ""house"", ""beautiful"", ""favorite"", ""style"", ""best"", ""one"", ""ever"", ""dolls"""
XxPPdlo72ho,0.121,"doll"", ""love"", ""wall"", ""collection"", ""hate"", ""collector"", ""creepy"", ""never"", ""dolls"""
XxPPdlo72ho,0.112,"like"", ""seen"", ""need"", ""house"", ""ever"", ""love"", ""one"", ""celebrity"", ""bathroom"""
YQC7OtyHhxU,0.151,"home"", ""love"", ""beautiful"", ""like"", ""man"", ""human"", ""gorgeous"", ""house"", ""could"""
YQC7OtyHhxU,0.138,"closet"", ""candle"", ""love"", ""omg"", ""need"", ""basement"", ""video"", ""mug"", ""cute"""
YQC7OtyHhxU,0.128,"love"", ""house"", ""gay"", ""home"", ""much"", ""nice"", ""vision"", ""beautiful"", ""like"""
YQC7OtyHhxU,0.115,"husband"", ""love"", ""sweet"", ""every"", ""time"", ""blah"", ""much"", ""note"", ""heart"""
YQC7OtyHhxU,0.097,"like"", ""want"", ""husband"", ""please"", ""lol"", ""lot"", ""close"", ""anyone"", ""house"""
_Jqi9k3tXoQ,0.137,"love"", ""way"", ""see"", ""taste"", ""space"", ""loft"", ""place"", ""like"", ""style"""
_Jqi9k3tXoQ,0.127,"love"", ""bangs"", ""like"", ""cool"", ""bathroom"", ""looks"", ""dimmer"", ""well"", ""gorgeous"""
_Jqi9k3tXoQ,0.109,"love"", ""one"", ""song"", ""space"", ""want"", ""name"", ""home"", ""piano"", ""design"""
_Jqi9k3tXoQ,0.107,"love"", ""get"", ""new"", ""house"", ""york"", ""time"", ""feel"", ""plants"", ""like"""
_Jqi9k3tXoQ,0.1,"city"", ""best"", ""lol"", ""world"", ""expensive"", ""keep"", ""bidet"", ""nice"", ""awesome"""
_Zr3ObadDnI,0.15,"baby"", ""cute"", ""still"", ""billy"", ""love"", ""wife"", ""beautiful"", ""uncle"", ""wow"""
_Zr3ObadDnI,0.135,"like"", ""cool"", ""wife"", ""uncle"", ""damn"", ""god"", ""looks"", ""man"", ""always"""
_Zr3ObadDnI,0.133,"beautiful"", ""home"", ""family"", ""lovely"", ""gorgeous"", ""couple"", ""wife"", ""love"", ""sharing"""
_Zr3ObadDnI,0.116,"house"", ""love"", ""like"", ""looks"", ""full"", ""nice"", ""home"", ""beautiful"", ""wife"""
_Zr3ObadDnI,0.114,"letter"", ""see"", ""know"", ""want"", ""big"", ""trump"", ""anyone"", ""like"", ""scott"""
aB7JCNRI3rY,0.149,"beautiful"", ""home"", ""love"", ""apartment"", ""like"", ""lovely"", ""house"", ""style"", ""looks"""
aB7JCNRI3rY,0.11,"stunning"", ""well"", ""absolutely"", ""love"", ""home"", ""gorgeous"", ""wallpaper"", ""everything"", ""done"""
aB7JCNRI3rY,0.11,"beautiful"", ""home"", ""wall"", ""style"", ""see"", ""taste"", ""paper"", ""makes"", ""space"""
aB7JCNRI3rY,0.1,"beautiful"", ""gorgeous"", ""wow"", ""like"", ""apartment"", ""room"", ""space"", ""home"", ""beautifully"""
aB7JCNRI3rY,0.1,"kitchen"", ""love"", ""cabinets"", ""glass"", ""beautiful"", ""would"", ""space"", ""windows"", ""idea"""
aTSgJgRnqG0,0.185,"house"", ""love"", ""beautiful"", ""like"", ""best"", ""wow"", ""ever"", ""style"", ""amazing"""
aTSgJgRnqG0,0.171,"home"", ""beautiful"", ""love"", ""cam"", ""gorgeous"", ""like"", ""room"", ""warm"", ""mitch"""
aTSgJgRnqG0,0.157,"gay"", ""god"", ""mitchell"", ""video"", ""lol"", ""sound"", ""house"", ""actually"", ""life"""
aTSgJgRnqG0,0.128,"home"", ""amazing"", ""lovely"", ""house"", ""place"", ""durga"", ""expecting"", ""goddess"", ""idol"""
aTSgJgRnqG0,0.127,"coming"", ""know"", ""would"", ""house"", ""think"", ""many"", ""times"", ""knew"", ""idea"""
eOfOrQJWeP0,0.177,"space"", ""nice"", ""day"", ""looks"", ""like"", ""office"", ""throw"", ""rest"", ""lol"""
eOfOrQJWeP0,0.171,"love"", ""office"", ""space"", ""blurred"", ""house"", ""everything"", ""one"", ""guy"", ""lol"""
eOfOrQJWeP0,0.148,"like"", ""beautiful"", ""chairs"", ""big"", ""stunning"", ""guy"", ""love"", ""logo"", ""kev"""
eOfOrQJWeP0,0.124,"wow"", ""like"", ""amazing"", ""couch"", ""looks"", ""office"", ""bar"", ""place"", ""design"""
eOfOrQJWeP0,0.117,"like"", ""oprah"", ""office"", ""cursed"", ""katt"", ""know"", ""thing"", ""bad"", ""looks"""
eyUs2JgrV9E,0.165,"beautiful"", ""home"", ""love"", ""house"", ""amazing"", ""couple"", ""wow"", ""art"", ""gorgeous"""
eyUs2JgrV9E,0.126,"love"", ""much"", ""see"", ""peace"", ""everything"", ""people"", ""woman"", ""way"", ""loves"""
eyUs2JgrV9E,0.115,"house"", ""see"", ""million"", ""man"", ""nice"", ""dollar"", ""lol"", ""listing"", ""iron"""
eyUs2JgrV9E,0.1,"house"", ""looks"", ""look"", ""art"", ""would"", ""museum"", ""love"", ""feel"""
eyUs2JgrV9E,0.094,"piano"", ""playing"", ""play"", ""part"", ""played"", ""virgo"", ""music"", ""day"", ""listen"""
fsYZye1Ykao,0.144,"house"", ""beautiful"", ""home"", ""nice"", ""beach"", ""love"", ""loved"", ""absolutely"", ""style"""
fsYZye1Ykao,0.136,"love"", ""black"", ""like"", ""home"", ""house"", ""much"", ""marble"", ""meredith"", ""children"""
fsYZye1Ykao,0.118,"home"", ""beautiful"", ""gorgeous"", ""house"", ""greys"", ""love"", ""one"", ""anatomy"", ""marble"""
fsYZye1Ykao,0.106,"love"", ""home"", ""house"", ""wow"", ""meredith"", ""grey"", ""vibe"", ""black"", ""much"""
fsYZye1Ykao,0.096,"house"", ""cool"", ""kitchen"", ""tequila"", ""like"", ""amazing"", ""design"", ""small"", ""know"""
gKUyX7cjum4,0.161,"together"", ""know"", ""gorgeous"", ""umbrella"", ""academy"", ""omg"", ""two"", ""stunning"", ""wow"""
gKUyX7cjum4,0.146,"house"", ""couple"", ""love"", ""home"", ""beautiful"", ""like"", ""lovely"", ""together"", ""cute"""
gKUyX7cjum4,0.138,"love"", ""home"", ""house"", ""like"", ""style"", ""much"", ""amazing"", ""decor"", ""design"""
gKUyX7cjum4,0.109,"beautiful"", ""home"", ""que"", ""knew"", ""mas"", ""jai"", ""stp"", ""future"", ""people"""
gKUyX7cjum4,0.104,"love"", ""cool"", ""house"", ""wallpaper"", ""home"", ""cute"", ""room"", ""chairs"", ""bedroom"""
gO_gm74yiUY,0.228,"much"", ""house"", ""proud"", ""filipino"", ""energy"", ""humble"", ""place"", ""everything"""
gO_gm74yiUY,0.178,"bret"", ""waiting"", ""see"", ""right"", ""gay"", ""said"", ""yes"", ""inspired"", ""speak"""
gO_gm74yiUY,0.155,"catriona"", ""ear"", ""turtles"", ""miss"", ""would"", ""omg"", ""earrings"", ""universe"", ""wearing"""
gO_gm74yiUY,0.148,"chair"", ""know"", ""reminds"", ""get"", ""piece"", ""need"", ""going"", ""way"", ""got"""
gO_gm74yiUY,0.147,"beautiful"", ""home"", ""freebritney"", ""everything"", ""vibe"", ""happy"", ""watch"", ""deserves"", ""plants"""
hJaXjItxL6w,0.153,"man"", ""room"", ""yes"", ""skateboarding"", ""million"", ""must"", ""first"", ""like"", ""thing"""
hJaXjItxL6w,0.137,"house"", ""beautiful"", ""like"", ""cool"", ""would"", ""good"", ""lol"", ""love"", ""one"""
hJaXjItxL6w,0.135,"love"", ""house"", ""mom"", ""like"", ""worth"", ""people"", ""well"", ""wow"", ""skate"""
hJaXjItxL6w,0.115,"guy"", ""much"", ""make"", ""place"", ""one"", ""usa"", ""money"", ""get"", ""wait"""
hJaXjItxL6w,0.114,"nice"", ""plants"", ""love"", ""money"", ""style"", ""neck"", ""illuminati"", ""send"", ""someone"""
haK2TnmVoT0,0.165,"love"", ""house"", ""beautiful"", ""home"", ""spa"", ""wow"", ""one"", ""gorgeous"", ""stunning"""
haK2TnmVoT0,0.105,"like"", ""home"", ""looks"", ""house"", ""cold"", ""vagina"", ""much"", ""money"", ""candles"""
haK2TnmVoT0,0.085,"would"", ""spa"", ""house"", ""nice"", ""gorgeous"", ""style"", ""love"", ""home"", ""bedrooms"""
haK2TnmVoT0,0.08,"kitchen"", ""love"", ""like"", ""spa"", ""well"", ""house"", ""think"", ""room"", ""home"""
haK2TnmVoT0,0.077,"people"", ""like"", ""love"", ""smell"", ""house"", ""looks"", ""anyone"", ""candles"", ""maybe"""
iY1UnR7z7P0,0.128,"nice"", ""house"", ""like"", ""home"", ""beautiful"", ""seems"", ""thanks"", ""get"", ""cancer"""
iY1UnR7z7P0,0.125,"house"", ""dope"", ""like"", ""would"", ""still"", ""cheating"", ""pay"", ""built"", ""people"""
iY1UnR7z7P0,0.118,"house"", ""home"", ""cheating"", ""cheat"", ""guy"", ""pays"", ""would"", ""cool"", ""wow"""
iY1UnR7z7P0,0.118,"doping"", ""comments"", ""money"", ""people"", ""house"", ""one"", ""like"", ""man"", ""bought"""
iY1UnR7z7P0,0.113,"shame"", ""art"", ""tour"", ""house"", ""guy"", ""still"", ""love"", ""man"", ""keep"""
jOzaz27K48E,0.14,"house"", ""love"", ""man"", ""vibe"", ""home"", ""room"", ""like"", ""one"", ""would"""
jOzaz27K48E,0.136,"essential"", ""eazy"", ""zimbabwe"", ""kitchen"", ""dope"", ""say"", ""halsey"", ""crib"", ""lol"""
jOzaz27K48E,0.133,"nice"", ""home"", ""pants"", ""style"", ""gerald"", ""love"", ""high"", ""rugs"", ""way"""
jOzaz27K48E,0.131,"home"", ""like"", ""house"", ""looks"", ""beautiful"", ""love"", ""cozy"", ""actually"", ""feel"""
jOzaz27K48E,0.129,"vibe"", ""house"", ""love"", ""know"", ""bay"", ""like"", ""green"", ""guy"", ""taste"""
jY3P-f6q-ZI,0.116,"beautiful"", ""home"", ""house"", ""color"", ""love"", ""wow"", ""like"", ""lovely"", ""well"""
jY3P-f6q-ZI,0.114,"love"", ""like"", ""house"", ""home"", ""wallpaper"", ""room"", ""much"", ""dining"", ""looks"""
jY3P-f6q-ZI,0.111,"love"", ""like"", ""nice"", ""way"", ""would"", ""husband"", ""room"", ""home"", ""see"""
jY3P-f6q-ZI,0.103,"house"", ""like"", ""love"", ""home"", ""gorgeous"", ""know"", ""looks"", ""one"", ""makes"""
jY3P-f6q-ZI,0.089,"love"", ""house"", ""like"", ""much"", ""one"", ""cute"", ""looks"", ""husband"", ""pink"""
jwfI8BlFwMw,0.153,"car"", ""backwards"", ""going"", ""anyone"", ""driving"", ""else"", ""see"", ""window"", ""notice"""
jwfI8BlFwMw,0.129,"ariel"", ""wine"", ""like"", ""bottle"", ""know"", ""house"", ""laugh"", ""hope"", ""squidward"""
jwfI8BlFwMw,0.125,"wes"", ""love"", ""house"", ""big"", ""like"", ""much"", ""room"", ""see"", ""omg"""
jwfI8BlFwMw,0.123,"home"", ""beautiful"", ""love"", ""ariel"", ""family"", ""like"", ""couple"", ""lovely"", ""house"""
jwfI8BlFwMw,0.123,"well"", ""toys"", ""age"", ""yet"", ""marriage"", ""digest"", ""architectural"", ""people"", ""wife"""
kavjzsRtuuA,0.158,"love"", ""guy"", ""couch"", ""much"", ""house"", ""vibe"", ""lol"", ""cute"", ""seems"""
kavjzsRtuuA,0.154,"like"", ""guy"", ""seems"", ""house"", ""awesome"", ""cool"", ""want"", ""looks"", ""fun"""
kavjzsRtuuA,0.149,"house"", ""love"", ""like"", ""nice"", ""seems"", ""omg"", ""happy"", ""guy"", ""looks"""
kavjzsRtuuA,0.147,"best"", ""like"", ""get"", ""seems"", ""house"", ""cool"", ""one"", ""fun"", ""kind"""
kavjzsRtuuA,0.128,"guy"", ""love"", ""house"", ""wow"", ""amazing"", ""see"", ""people"", ""loves"", ""que"""
l2mtebeR3rA,0.206,"love"", ""house"", ""family"", ""home"", ""lovely"", ""gorgeous"", ""beautiful"", ""nice"", ""wall"""
l2mtebeR3rA,0.15,"beautiful"", ""home"", ""family"", ""house"", ""know"", ""like"", ""life"", ""kids"", ""god"""
l2mtebeR3rA,0.133,"kids"", ""like"", ""house"", ""well"", ""look"", ""nice"", ""good"", ""looks"", ""pretty"""
l2mtebeR3rA,0.123,"pool"", ""around"", ""kids"", ""baby"", ""fence"", ""pinterest"", ""santa"", ""kid"", ""mom"""
l2mtebeR3rA,0.118,"wow"", ""white"", ""husband"", ""amazing"", ""shower"", ""thought"", ""age"", ""mexican"", ""still"""
n50DZvVAulM,0.179,"love"", ""art"", ""know"", ""blurred"", ""anyone"", ""cool"", ""house"", ""pieces"", ""home"""
n50DZvVAulM,0.143,"completely"", ""waiting"", ""saving"", ""sofas"", ""bedroom"", ""rent"""
n50DZvVAulM,0.137,"home"", ""love"", ""house"", ""nice"", ""cozy"", ""gorgeous"", ""homey"", ""like"", ""see"""
n50DZvVAulM,0.136,"house"", ""beautiful"", ""love"", ""home"", ""like"", ""couple"", ""one"", ""much"", ""cozy"""
n50DZvVAulM,0.129,"paintings"", ""blurred"", ""blur"", ""painting"", ""que"", ""curious"", ""dining"", ""someone"", ""kids"""
ou3h0twV9TY,0.47,"ghost"", ""painting"", ""door"", ""behind"", ""lol"", ""hard"", ""laughed"", ""story"""
ou3h0twV9TY,0.135,"house"", ""mask"", ""lovely"", ""like"", ""guy"", ""one"", ""never"", ""see"", ""video"""
ou3h0twV9TY,0.131,"love"", ""house"", ""like"", ""much"", ""place"", ""know"", ""cool"", ""etsy"", ""lamp"""
ou3h0twV9TY,0.126,"house"", ""cool"", ""love"", ""guy"", ""like"", ""tell"", ""beautiful"", ""wow"", ""seen"""
ou3h0twV9TY,0.122,"house"", ""one"", ""mask"", ""queenie"", ""seems"", ""know"", ""phone"", ""face"", ""like"""
pJ8hLOkhl7M,0.144,"couple"", ""wow"", ""good"", ""hotel"", ""time"", ""nice"", ""pink"", ""place"", ""looking"""
pJ8hLOkhl7M,0.116,"like"", ""hotel"", ""look"", ""old"", ""wes"", ""library"", ""place"", ""would"", ""anderson"""
pJ8hLOkhl7M,0.115,"pink"", ""like"", ""moment"", ""instagrammable"", ""vampire"", ""man"", ""age"", ""one"", ""hotel"""
pJ8hLOkhl7M,0.106,"gay"", ""hotel"", ""like"", ""ken"", ""miami"", ""know"", ""welcome"", ""awkward"", ""sales"""
pJ8hLOkhl7M,0.106,"love"", ""vibe"", ""like"", ""would"", ""hotel"", ""good"", ""people"", ""looks"", ""could"""
qNthtD7KmiA,0.16,"dog"", ""like"", ""love"", ""fun"", ""one"", ""lol"", ""regretsy"", ""tour"", ""bad"""
qNthtD7KmiA,0.159,"limes"", ""brick"", ""love"", ""reference"", ""like"", ""dog"", ""woman"", ""lol"", ""carrying"""
qNthtD7KmiA,0.156,"love"", ""dog"", ""like"", ""apartment"", ""loved"", ""one"", ""tour"", ""art"", ""ever"""
qNthtD7KmiA,0.121,"best"", ""love"", ""ever"", ""house"", ""tour"", ""video"", ""beautiful"", ""person"", ""need"""
qNthtD7KmiA,0.109,"door"", ""open"", ""love"", ""best"", ""one"", ""ever"", ""limes"", ""relatable"", ""video"""
qmHAvgEBnsk,0.142,"love"", ""interior"", ""place"", ""american"", ""dad"", ""like"", ""guy"", ""apartment"", ""wife"""
qmHAvgEBnsk,0.133,"like"", ""looks"", ""love"", ""gorgeous"", ""apartment"", ""nice"", ""know"", ""place"", ""cluttered"""
qmHAvgEBnsk,0.133,"house"", ""like"", ""white"", ""lotus"", ""looks"", ""would"", ""one"", ""get"", ""beautiful"""
qmHAvgEBnsk,0.117,"wife"", ""would"", ""interior"", ""love"", ""know"", ""eggs"", ""see"", ""home"", ""tour"""
qmHAvgEBnsk,0.111,"like"", ""home"", ""beautiful"", ""love"", ""wow"", ""house"", ""dante"", ""man"", ""would"""
rHyIOIstYRA,0.164,"dita"", ""love"", ""amazing"", ""wow"", ""absolutely"", ""woman"", ""kitchen"", ""omg"", ""gorgeous"""
rHyIOIstYRA,0.14,"house"", ""bedroom"", ""would"", ""like"", ""ever"", ""room"", ""beautiful"", ""one"", ""seen"""
rHyIOIstYRA,0.14,"beautiful"", ""home"", ""taste"", ""see"", ""everything"", ""dita"", ""woman"", ""cat"", ""good"""
rHyIOIstYRA,0.125,"home"", ""style"", ""know"", ""interesting"", ""mean"", ""everything"", ""white"", ""every"""
rHyIOIstYRA,0.114,"animals"", ""dead"", ""stuffed"", ""video"", ""would"", ""dust"", ""anyone"", ""want"", ""one"""
sQTGkLW6fwg,0.163,"love"", ""cheryl"", ""riverdale"", ""like"", ""show"", ""one"", ""much"", ""going"", ""want"""
sQTGkLW6fwg,0.138,"riverdale"", ""set"", ""one"", ""favorite"", ""like"", ""fake"", ""pretty"", ""omg"", ""love"""
sQTGkLW6fwg,0.123,"season"", ""love"", ""show"", ""cheryl"", ""riverdale"", ""omg"", ""netflix"", ""like"", ""episode"""
sQTGkLW6fwg,0.114,"cheryl"", ""see"", ""blossom"", ""riverdale"", ""say"", ""beautiful"", ""gorgeous"", ""want"", ""season"""
sQTGkLW6fwg,0.108,"show"", ""want"", ""know"", ""riverdale"", ""one"", ""see"", ""good"", ""watch"", ""someone"""
uXYyyhUcFg4,0.155,"house"", ""best"", ""one"", ""ever"", ""like"", ""seen"", ""looks"", ""far"", ""dogs"""
uXYyyhUcFg4,0.153,"love"", ""house"", ""guy"", ""like"", ""humble"", ""man"", ""wow"", ""cool"", ""know"""
uXYyyhUcFg4,0.132,"house"", ""home"", ""beautiful"", ""love"", ""japanese"", ""like"", ""place"", ""would"", ""amazing"""
uXYyyhUcFg4,0.127,"nice"", ""temple"", ""like"", ""house"", ""stunning"", ""lol"", ""look"", ""want"", ""damn"""
uXYyyhUcFg4,0.1,"dog"", ""pool"", ""vibes"", ""sneakers"", ""natural"", ""enzo"", ""drinking"", ""water"", ""hair"""
uZDNGVmHxn4,0.154,"house"", ""love"", ""gorgeous"", ""one"", ""home"", ""man"", ""seen"", ""family"", ""like"""
uZDNGVmHxn4,0.146,"love"", ""new"", ""like"", ""apartment"", ""need"", ""dude"", ""room"", ""home"", ""thing"""
uZDNGVmHxn4,0.133,"home"", ""beautiful"", ""love"", ""dope"", ""vibes"", ""interior"", ""well"", ""every"", ""vestibule"""
uZDNGVmHxn4,0.131,"family"", ""like"", ""wife"", ""beautiful"", ""though"", ""home"", ""design"", ""man"", ""kitchen"""
uZDNGVmHxn4,0.103,"like"", ""home"", ""good"", ""looks"", ""rules"", ""would"", ""love"", ""taste"", ""house"""
ua0-5FZ2Eww,0.162,"house"", ""nice"", ""like"", ""home"", ""best"", ""beautiful"", ""kitchen"", ""episode"", ""guy"""
ua0-5FZ2Eww,0.146,"love"", ""good"", ""home"", ""video"", ""like"", ""show"", ""cool"", ""one"", ""happy"""
ua0-5FZ2Eww,0.133,"rich"", ""like"", ""wow"", ""money"", ""youtube"", ""damn"", ""looks"", ""kind"", ""make"""
ua0-5FZ2Eww,0.113,"home"", ""beautiful"", ""happy"", ""house"", ""one"", ""get"", ""new"", ""like"", ""makes"""
ua0-5FZ2Eww,0.106,"love"", ""know"", ""jesus"", ""guy"", ""like"", ""would"", ""see"", ""god"", ""amazing"""
v293iGJ2PVY,0.176,"love"", ""beautiful"", ""house"", ""like"", ""family"", ""wow"", ""room"", ""absolutely"", ""everything"""
v293iGJ2PVY,0.142,"love"", ""house"", ""couple"", ""amazing"", ""like"", ""beautiful"", ""tree"", ""much"", ""people"""
v293iGJ2PVY,0.139,"awesome"", ""family"", ""sweet"", ""need"", ""house"", ""like"", ""rooms"", ""feels"", ""room"""
v293iGJ2PVY,0.123,"house"", ""nice"", ""like"", ""love"", ""two"", ""fake"", ""time"", ""favorite"", ""say"""
v293iGJ2PVY,0.121,"jake"", ""kids"", ""house"", ""love"", ""job"", ""loved"", ""rooms"", ""room"", ""beautiful"""
vDD1lhHkGxk,0.15,"love"", ""tony"", ""house"", ""new"", ""york"", ""couple"", ""cute"", ""like"", ""lol"""
vDD1lhHkGxk,0.132,"apartment"", ""love"", ""like"", ""looks"", ""home"", ""family"", ""beautiful"", ""statue"", ""buddha"""
vDD1lhHkGxk,0.105,"like"", ""mitch"", ""home"", ""closets"", ""tony"", ""love"", ""man"", ""award"", ""cam"""
vDD1lhHkGxk,0.103,"like"", ""time"", ""closet"", ""shot"", ""space"", ""one"", ""home"", ""every"", ""nyc"""
vDD1lhHkGxk,0.101,"buddha"", ""statue"", ""like"", ""queen"", ""gay"", ""buddhist"", ""parker"", ""husband"", ""would"""
vGqYP1sKJ2Y,0.161,"love"", ""laugh"", ""cool"", ""like"", ""would"", ""lol"", ""everything"", ""man"", ""day"""
vGqYP1sKJ2Y,0.13,"laugh"", ""love"", ""one"", ""time"", ""every"", ""would"", ""laughs"", ""rogen"", ""products"""
vGqYP1sKJ2Y,0.126,"house"", ""laugh"", ""like"", ""want"", ""best"", ""lol"", ""work"", ""looks"", ""lighter"""
vGqYP1sKJ2Y,0.121,"guy"", ""people"", ""think"", ""like"", ""would"", ""please"", ""rogen"", ""kim"", ""dude"""
vGqYP1sKJ2Y,0.12,"beautiful"", ""cool"", ""thought"", ""smoke"", ""amazing"", ""anyone"", ""houseplant"", ""products"", ""man"""
vvrjhuJrFVc,0.204,"beautiful"", ""home"", ""garden"", ""house"", ""gorgeous"", ""wow"", ""love"", ""stunning"", ""absolutely"""
vvrjhuJrFVc,0.132,"love"", ""house"", ""london"", ""home"", ""beautiful"", ""garden"", ""know"", ""much"", ""taste"""
vvrjhuJrFVc,0.096,"house"", ""amazing"", ""incredible"", ""arthur"", ""rackham"", ""one"", ""job"", ""favourite"", ""next"""
vvrjhuJrFVc,0.092,"one"", ""seen"", ""love"", ""home"", ""best"", ""ever"", ""house"", ""old"", ""well"""
vvrjhuJrFVc,0.082,"house"", ""love"", ""nice"", ""kept"", ""history"", ""like"", ""tour"", ""beautiful"", ""london"""
vx09_4cEzlM,0.198,"house"", ""love"", ""much"", ""like"", ""money"", ""amazing"", ""would"", ""rich"", ""cool"""
vx09_4cEzlM,0.143,"house"", ""love"", ""home"", ""omg"", ""cool"", ""room"", ""style"", ""houses"", ""ball"""
vx09_4cEzlM,0.137,"house"", ""ever"", ""one"", ""best"", ""seen"", ""want"", ""like"", ""crazy"", ""coolest"""
vx09_4cEzlM,0.132,"like"", ""vagina"", ""tunnel"", ""house"", ""looks"", ""know"", ""would"", ""love"", ""actually"""
vx09_4cEzlM,0.128,"house"", ""beautiful"", ""see"", ""fun"", ""unique"", ""nice"", ""even"", ""someone"", ""tiger"""
w4HmK4JCN2U,0.134,"love"", ""cottage"", ""beautiful"", ""house"", ""absolutely"", ""would"", ""wow"", ""home"", ""lovely"""
w4HmK4JCN2U,0.123,"home"", ""beautiful"", ""house"", ""love"", ""magical"", ""like"", ""cottage"", ""one"", ""cozy"""
w4HmK4JCN2U,0.11,"house"", ""like"", ""beautiful"", ""love"", ""life"", ""holiday"", ""cottage"", ""looks"", ""perfect"""
w4HmK4JCN2U,0.107,"lovely"", ""home"", ""gorgeous"", ""house"", ""tour"", ""gabby"", ""well"", ""done"", ""cozy"""
w4HmK4JCN2U,0.089,"love"", ""home"", ""best"", ""ever"", ""seen"", ""one"", ""house"", ""lady"", ""lovely"""
xT8n0uBIURk,0.141,"love"", ""beautiful"", ""restaurant"", ""fak"", ""place"", ""congrats"", ""bear"", ""amazing"", ""want"""
xT8n0uBIURk,0.132,"restaurant"", ""wait"", ""bathroom"", ""love"", ""amazing"", ""absolutely"", ""nice"", ""would"", ""bear"""
xT8n0uBIURk,0.121,"like"", ""space"", ""place"", ""beautiful"", ""love"", ""see"", ""design"", ""looks"", ""amazing"""
xT8n0uBIURk,0.115,"good"", ""looks"", ""like"", ""cool"", ""space"", ""looking"", ""place"", ""lol"", ""restaurant"""
xT8n0uBIURk,0.112,"restaurant"", ""gorgeous"", ""place"", ""beautiful"", ""bathroom"", ""food"", ""stunning"", ""going"", ""like"""
xqv0yo_Elj4,0.163,"love"", ""beautiful"", ""house"", ""pretty"", ""master"", ""bedroom"", ""like"", ""walls"", ""light"""
xqv0yo_Elj4,0.145,"vintage"", ""house"", ""love"", ""nice"", ""sustainable"", ""style"", ""bla"", ""amazing"", ""time"""
xqv0yo_Elj4,0.122,"one"", ""love"", ""house"", ""dog"", ""wow"", ""seen"", ""gorgeous"", ""nice"", ""accent"""
xqv0yo_Elj4,0.094,"like"", ""cool"", ""house"", ""dog"", ""wow"", ""video"", ""love"", ""bella"", ""always"""
xqv0yo_Elj4,0.091,"love"", ""well"", ""house"", ""furniture"", ""stunning"", ""done"", ""beautiful"", ""thought"", ""walls"""
yKn3Ur6_w3c,0.153,"chuy"", ""rip"", ""feet"", ""lady"", ""ice"", ""chuys"", ""cleaning"", ""bravo"", ""love"""
yKn3Ur6_w3c,0.153,"love"", ""house"", ""home"", ""beautiful"", ""one"", ""like"", ""best"", ""favorite"", ""houses"""
yKn3Ur6_w3c,0.126,"books"", ""love"", ""video"", ""many"", ""everywhere"", ""amazing"", ""sauna"", ""literally"", ""whole"""
yKn3Ur6_w3c,0.123,"house"", ""like"", ""love"", ""home"", ""lol"", ""would"", ""wow"", ""looks"", ""could"""
yKn3Ur6_w3c,0.115,"home"", ""beautiful"", ""one"", ""best"", ""let"", ""want"", ""people"", ""love"", ""smoke"""
yjhibJ-OqxE,0.214,"house"", ""love"", ""beautiful"", ""home"", ""cozy"", ""wow"", ""nice"", ""gorgeous"", ""much"""
yjhibJ-OqxE,0.145,"one"", ""house"", ""family"", ""best"", ""kardashian"", ""ever"", ""taste"", ""person"", ""whole"""
yjhibJ-OqxE,0.116,"like"", ""house"", ""home"", ""love"", ""looks"", ""sisters"", ""look"", ""feel"", ""actually"""
yjhibJ-OqxE,0.116,"room"", ""art"", ""cool"", ""poor"", ""said"", ""used"", ""cute"", ""sign"", ""every"""
yjhibJ-OqxE,0.098,"people"", ""girl"", ""rich"", ""happy"", ""room"", ""get"", ""glad"", ""money"", ""hear"""
zEXXe9Ef_R8,0.148,"bedwomb"", ""like"", ""want"", ""house"", ""refugees"", ""charming"", ""closet"", ""entire"", ""man"""
zEXXe9Ef_R8,0.133,"bathroom"", ""beautiful"", ""carpet"", ""home"", ""house"", ""love"", ""couple"", ""wow"", ""gorgeous"""
zEXXe9Ef_R8,0.131,"love"", ""together"", ""couple"", ""house"", ""home"", ""like"", ""cute"", ""two"", ""lovely"""
zEXXe9Ef_R8,0.122,"one"", ""good"", ""house"", ""would"", ""lilly"", ""bed"", ""room"", ""look"", ""floor"""
zEXXe9Ef_R8,0.114,"like"", ""looks"", ""lol"", ""bedroom"", ""much"", ""lilly"", ""house"", ""swan"", ""feel"""
zPUSDU0hrwE,0.164,"laugh"", ""house"", ""chastain"", ""one"", ""fan"", ""omg"", ""stunning"", ""gorgeous"", ""new"""
zPUSDU0hrwE,0.131,"house"", ""gorgeous"", ""love"", ""would"", ""lovely"", ""low"", ""favorite"", ""wow"", ""look"""
zPUSDU0hrwE,0.119,"love"", ""house"", ""like"", ""beautiful"", ""cottage"", ""would"", ""looks"", ""color"", ""woman"""
zPUSDU0hrwE,0.116,"beautiful"", ""house"", ""one"", ""charming"", ""love"", ""ever"", ""seen"", ""like"", ""much"""
zPUSDU0hrwE,0.115,"house"", ""love"", ""beautiful"", ""cozy"", ""like"", ""loved"", ""style"", ""colors"", ""well"""
za-ogD7nLi8,0.159,"bowls"", ""balls"", ""love"", ""beautiful"", ""black"", ""home"", ""make"", ""gorgeous"", ""thing"""
za-ogD7nLi8,0.132,"husband"", ""philippines"", ""want"", ""bowl"", ""people"", ""could"", ""like"", ""get"", ""gift"""
za-ogD7nLi8,0.127,"like"", ""apartment"", ""looks"", ""nice"", ""house"", ""look"", ""home"", ""wow"", ""got"""
za-ogD7nLi8,0.112,"know"", ""love"", ""one"", ""home"", ""people"", ""sunglasses"", ""like"", ""many"", ""makes"""
za-ogD7nLi8,0.109,"love"", ""apartment"", ""taste"", ""would"", ""house"", ""home"", ""beautiful"", ""nice"", ""art"""
zgacuXdzCmw,0.243,"amazing"", ""wow"", ""proud"", ""congratulations"", ""done"", ""well"", ""nice"", ""genius"", ""love"""
zgacuXdzCmw,0.14,"beautiful"", ""inspiring"", ""houses"", ""absolutely"", ""rich"", ""people"", ""congrats"", ""damn"", ""like"""
zgacuXdzCmw,0.126,"studio"", ""sold"", ""sided"", ""bar"", ""mansion"", ""incredible"", ""good"", ""man"", ""house"""
zgacuXdzCmw,0.125,"man"", ""black"", ""love"", ""hollywood"", ""awesome"", ""people"", ""much"", ""guy"", ""respect"""
zgacuXdzCmw,0.103,"white"", ""house"", ""cool"", ""like"", ""built"", ""dude"", ""wait"", ""trump"", ""inside"""
